{"west": -0.1130892982824797, "south": 51.472421796750375, "east": 0.005274389363997378, "north": 51.54628785746208, "vmin": -110.0, "vmax": -80.0}