{"west": -0.11308948047862924, "south": 51.47242174346032, "east": 0.005274207210571175, "north": 51.5462878041987, "vmin": -110.0, "vmax": -80.0}